sample_id,kind,attack,true_label,pred_label,attack_success,tsne_x,tsne_y
0,clean,clean,cat,cat,False,-36.765564,-37.89668
1,clean,clean,ship,ship,False,43.889286,2.7206829
2,clean,clean,ship,ship,False,45.76533,6.6755953
3,clean,clean,airplane,airplane,False,32.998367,27.63824
4,clean,clean,frog,frog,False,-27.628157,-20.160904
5,clean,clean,frog,frog,False,-46.646202,3.4603157
6,clean,clean,automobile,automobile,False,16.849415,-45.622105
7,clean,clean,frog,frog,False,-9.573042,15.865136
8,clean,clean,cat,cat,False,-25.88993,27.025248
9,clean,clean,automobile,automobile,False,25.771273,-21.3803
10,clean,clean,airplane,airplane,False,14.91504,-2.7258475
11,clean,clean,truck,truck,False,30.631872,-23.690275
12,clean,clean,dog,dog,False,-30.886189,22.457232
13,clean,clean,horse,horse,False,-60.298862,22.671345
14,clean,clean,truck,truck,False,51.081676,2.244315
15,clean,clean,dog,dog,False,-48.19858,35.49519
16,clean,clean,horse,horse,False,-11.681946,21.18321
17,clean,clean,ship,ship,False,26.267902,5.2656183
18,clean,clean,frog,frog,False,-45.274605,-36.763344
19,clean,clean,horse,horse,False,-30.527233,-26.210793
20,clean,clean,airplane,airplane,False,6.2935286,-3.3662508
21,clean,clean,deer,deer,False,10.833453,7.091787
22,clean,clean,truck,truck,False,53.551346,-25.262615
23,clean,clean,dog,dog,False,-0.70647466,27.742477
24,clean,clean,bird,bird,False,-9.586306,25.173367
25,clean,clean,airplane,airplane,False,-6.2320423,19.645681
26,clean,clean,truck,truck,False,30.644608,-19.24267
27,clean,clean,frog,frog,False,-55.442474,-28.632666
28,clean,clean,frog,frog,False,-57.652016,2.1794925
29,clean,clean,dog,dog,False,-26.90893,17.997272
30,clean,clean,deer,deer,False,-0.16509171,10.107705
31,clean,clean,dog,dog,False,13.314002,42.21157
32,clean,clean,truck,truck,False,32.04309,-13.897629
33,clean,clean,bird,bird,False,26.15446,39.64328
34,clean,clean,deer,deer,False,-22.368534,34.843075
35,clean,clean,truck,truck,False,46.357502,-21.566261
36,clean,clean,dog,dog,False,-40.966465,12.703869
37,clean,clean,deer,deer,False,5.9964743,-43.66522
38,clean,clean,frog,frog,False,-20.740152,19.215008
39,clean,clean,dog,dog,False,-23.163404,-49.617325
40,clean,clean,frog,frog,False,-51.74966,5.051766
41,clean,clean,airplane,airplane,False,16.936089,9.9211035
42,clean,clean,truck,truck,False,43.539513,-25.332409
43,clean,clean,cat,cat,False,-28.821594,14.711264
44,clean,clean,horse,horse,False,-13.783743,32.682514
45,clean,clean,frog,frog,False,-6.031047,4.8515353
46,clean,clean,truck,truck,False,-30.968624,-33.56539
47,clean,clean,ship,ship,False,23.14335,27.084959
48,clean,clean,airplane,airplane,False,-5.958211,-38.37908
49,clean,clean,cat,cat,False,-50.332905,21.769829
50,clean,clean,ship,ship,False,19.206907,14.484242
51,clean,clean,ship,ship,False,23.756052,9.203873
52,clean,clean,horse,horse,False,-30.81535,28.858288
53,clean,clean,horse,horse,False,-12.842237,16.271467
54,clean,clean,cat,cat,False,-29.430183,-6.824339
55,clean,clean,frog,frog,False,-13.942427,-45.547062
56,clean,clean,cat,cat,False,5.2318673,-20.868546
0,fgsm,fgsm,cat,frog,True,-37.342278,-36.79341
1,fgsm,fgsm,ship,automobile,True,7.823056,5.8585777
2,fgsm,fgsm,ship,automobile,True,-2.1228034,3.5241613
3,fgsm,fgsm,airplane,ship,True,34.469387,26.834661
4,fgsm,fgsm,frog,bird,True,-26.423962,-20.196318
5,fgsm,fgsm,frog,cat,True,-45.45324,3.8467665
6,fgsm,fgsm,automobile,truck,True,18.348587,-45.940647
7,fgsm,fgsm,frog,bird,True,-8.036467,15.630741
8,fgsm,fgsm,cat,deer,True,-9.570763,-0.26543412
9,fgsm,fgsm,automobile,truck,True,24.597208,-20.495798
10,fgsm,fgsm,airplane,dog,True,-10.361549,12.842073
11,fgsm,fgsm,truck,truck,False,31.439428,-24.454367
12,fgsm,fgsm,dog,cat,True,-13.811048,2.4555633
13,fgsm,fgsm,horse,dog,True,-58.84691,22.437454
14,fgsm,fgsm,truck,ship,True,51.12218,3.5924263
15,fgsm,fgsm,dog,horse,True,-49.193382,36.04013
16,fgsm,fgsm,horse,cat,True,-11.758018,19.229006
17,fgsm,fgsm,ship,airplane,True,3.168778,2.919425
18,fgsm,fgsm,frog,frog,False,-46.619072,-37.38373
19,fgsm,fgsm,horse,cat,True,-29.90429,-24.976164
20,fgsm,fgsm,airplane,bird,True,4.2765813,-2.4456165
21,fgsm,fgsm,deer,bird,True,2.138512,5.873875
22,fgsm,fgsm,truck,truck,False,54.412453,-25.758018
23,fgsm,fgsm,dog,deer,True,1.7731708,23.085787
24,fgsm,fgsm,bird,cat,True,-8.7794075,25.833418
25,fgsm,fgsm,airplane,frog,True,-7.6768107,20.175629
26,fgsm,fgsm,truck,automobile,True,29.224865,-18.972351
27,fgsm,fgsm,frog,bird,True,-56.36649,-29.384943
28,fgsm,fgsm,frog,cat,True,-58.474762,3.3117943
29,fgsm,fgsm,dog,cat,True,-9.2333145,6.8500566
30,fgsm,fgsm,deer,ship,True,1.2093354,10.678403
31,fgsm,fgsm,dog,bird,True,14.527492,40.873974
32,fgsm,fgsm,truck,truck,False,32.76318,-13.064305
33,fgsm,fgsm,bird,ship,True,27.448112,38.752007
34,fgsm,fgsm,deer,horse,True,-21.732323,35.96153
35,fgsm,fgsm,truck,truck,False,45.720093,-20.997593
36,fgsm,fgsm,dog,dog,False,-40.759094,13.544293
37,fgsm,fgsm,deer,bird,True,4.798869,-44.304882
38,fgsm,fgsm,frog,cat,True,-19.886333,18.080563
39,fgsm,fgsm,dog,cat,True,-15.546275,1.1913315
40,fgsm,fgsm,frog,dog,True,-50.531593,5.6708417
41,fgsm,fgsm,airplane,ship,True,15.646988,10.444237
42,fgsm,fgsm,truck,truck,False,43.811066,-24.304777
43,fgsm,fgsm,cat,frog,True,-13.748122,4.419044
44,fgsm,fgsm,horse,deer,True,-13.329906,30.773363
45,fgsm,fgsm,frog,bird,True,-6.635431,5.489682
46,fgsm,fgsm,truck,frog,True,-31.860325,-32.233883
47,fgsm,fgsm,ship,frog,True,21.606089,28.023441
48,fgsm,fgsm,airplane,horse,True,-7.1603193,-37.94151
49,fgsm,fgsm,cat,dog,True,-49.10347,21.988129
50,fgsm,fgsm,ship,airplane,True,17.195961,14.007866
51,fgsm,fgsm,ship,bird,True,0.12872884,6.1616635
52,fgsm,fgsm,horse,cat,True,-31.54456,27.694956
53,fgsm,fgsm,horse,bird,True,-12.5773945,14.447254
54,fgsm,fgsm,cat,dog,True,-12.513965,5.8394914
55,fgsm,fgsm,frog,deer,True,-13.901333,-44.25238
56,fgsm,fgsm,cat,dog,True,-5.548452,2.9318562
0,pgd,pgd,cat,frog,True,-43.392147,-15.813389
1,pgd,pgd,ship,automobile,True,44.533867,0.8308518
2,pgd,pgd,ship,automobile,True,36.924015,-39.89695
3,pgd,pgd,airplane,ship,True,36.82536,25.198572
4,pgd,pgd,frog,deer,True,-25.349241,-20.49318
5,pgd,pgd,frog,cat,True,-42.930824,3.743308
6,pgd,pgd,automobile,truck,True,19.407974,-46.03844
7,pgd,pgd,frog,bird,True,-7.407792,16.387611
8,pgd,pgd,cat,deer,True,-22.60398,30.250063
9,pgd,pgd,automobile,truck,True,50.745388,-20.023087
10,pgd,pgd,airplane,dog,True,-28.184746,24.072222
11,pgd,pgd,truck,automobile,True,29.458715,-25.133463
12,pgd,pgd,dog,cat,True,-29.327745,5.277959
13,pgd,pgd,horse,dog,True,-57.73275,22.326492
14,pgd,pgd,truck,ship,True,34.65244,13.115091
15,pgd,pgd,dog,horse,True,-47.380062,36.73761
16,pgd,pgd,horse,cat,True,-12.829069,19.50912
17,pgd,pgd,ship,airplane,True,28.860691,3.2015512
18,pgd,pgd,frog,bird,True,-44.735283,-38.477543
19,pgd,pgd,horse,cat,True,-31.209373,-24.572294
20,pgd,pgd,airplane,bird,True,3.54486,-1.6103691
21,pgd,pgd,deer,bird,True,2.9767158,6.9957604
22,pgd,pgd,truck,automobile,True,55.737,-25.627209
23,pgd,pgd,dog,deer,True,2.51146,24.079445
24,pgd,pgd,bird,cat,True,-9.174969,26.970783
25,pgd,pgd,airplane,frog,True,-8.428138,20.720264
26,pgd,pgd,truck,automobile,True,28.351074,-17.93836
27,pgd,pgd,frog,bird,True,-55.86864,-30.537966
28,pgd,pgd,frog,deer,True,-59.253937,4.3139567
29,pgd,pgd,dog,bird,True,-1.2995635,18.829432
30,pgd,pgd,deer,frog,True,-40.482334,-20.760548
31,pgd,pgd,dog,bird,True,15.180097,42.13941
32,pgd,pgd,truck,automobile,True,39.068253,-13.033929
33,pgd,pgd,bird,ship,True,28.575933,37.99558
34,pgd,pgd,deer,horse,True,-21.75175,37.985786
35,pgd,pgd,truck,automobile,True,40.080334,-17.70884
36,pgd,pgd,dog,cat,True,-41.029224,10.736509
37,pgd,pgd,deer,bird,True,4.0000196,-44.80855
38,pgd,pgd,frog,bird,True,-19.6526,20.38724
39,pgd,pgd,dog,cat,True,-35.539223,2.3797312
40,pgd,pgd,frog,dog,True,-51.941982,6.924492
41,pgd,pgd,airplane,ship,True,32.749504,17.763145
42,pgd,pgd,truck,automobile,True,42.28341,-26.85616
43,pgd,pgd,cat,frog,True,-40.563507,-16.609808
44,pgd,pgd,horse,dog,True,-14.136116,29.984934
45,pgd,pgd,frog,deer,True,-1.3343246,24.057032
46,pgd,pgd,truck,frog,True,-32.61231,-31.322464
47,pgd,pgd,ship,frog,True,-49.65394,-10.7029705
48,pgd,pgd,airplane,bird,True,-6.5795307,-39.83972
49,pgd,pgd,cat,dog,True,-48.04552,24.152569
50,pgd,pgd,ship,airplane,True,18.23027,12.932099
51,pgd,pgd,ship,bird,True,4.0257797,16.85794
52,pgd,pgd,horse,cat,True,-32.27964,26.971474
53,pgd,pgd,horse,cat,True,-13.446954,13.759628
54,pgd,pgd,cat,dog,True,-39.84478,21.274271
55,pgd,pgd,frog,cat,True,-15.394318,-45.843815
56,pgd,pgd,cat,dog,True,-25.96921,-2.5437257
0,deepfool,deepfool,cat,dog,True,-36.853474,-37.73696
1,deepfool,deepfool,ship,automobile,True,43.955658,2.4954388
2,deepfool,deepfool,ship,automobile,True,45.768444,6.6666512
3,deepfool,deepfool,airplane,ship,True,33.1397,27.560068
4,deepfool,deepfool,frog,frog,False,-27.042112,-20.177113
5,deepfool,deepfool,frog,cat,True,-46.510803,3.5150323
6,deepfool,deepfool,automobile,truck,True,17.206022,-45.702103
7,deepfool,deepfool,frog,frog,False,-9.338025,15.866118
8,deepfool,deepfool,cat,dog,True,-25.835142,27.089865
9,deepfool,deepfool,automobile,truck,True,25.5579,-21.210194
10,deepfool,deepfool,airplane,dog,True,14.910457,-2.7331011
11,deepfool,deepfool,truck,truck,False,30.362703,-23.833185
12,deepfool,deepfool,dog,cat,True,-30.889969,22.444172
13,deepfool,deepfool,horse,deer,True,-59.80458,22.589285
14,deepfool,deepfool,truck,ship,True,51.071857,2.7437894
15,deepfool,deepfool,dog,horse,True,-48.20754,35.578133
16,deepfool,deepfool,horse,cat,True,-11.747715,20.872246
17,deepfool,deepfool,ship,airplane,True,26.32281,5.165064
18,deepfool,deepfool,frog,bird,True,-45.456882,-37.180706
19,deepfool,deepfool,horse,horse,False,-30.46197,-25.984234
20,deepfool,deepfool,airplane,bird,True,5.9517145,-3.2332556
21,deepfool,deepfool,deer,airplane,True,10.809363,7.0500646
22,deepfool,deepfool,truck,truck,False,53.850143,-25.182377
23,deepfool,deepfool,dog,deer,True,-0.6940277,27.726116
24,deepfool,deepfool,bird,dog,True,-9.563487,25.208797
25,deepfool,deepfool,airplane,frog,True,-6.480696,19.732727
26,deepfool,deepfool,truck,automobile,True,30.250248,-19.160826
27,deepfool,deepfool,frog,bird,True,-55.56843,-28.765648
28,deepfool,deepfool,frog,cat,True,-57.7561,2.3299928
29,deepfool,deepfool,dog,cat,True,-26.761194,17.797289
30,deepfool,deepfool,deer,ship,True,0.096080534,10.121036
31,deepfool,deepfool,dog,bird,True,13.508561,42.080437
32,deepfool,deepfool,truck,airplane,True,31.704138,-13.975977
33,deepfool,deepfool,bird,ship,True,26.306005,39.539867
34,deepfool,deepfool,deer,horse,True,-22.278553,35.030437
35,deepfool,deepfool,truck,ship,True,46.68372,-22.032784
36,deepfool,deepfool,dog,cat,True,-41.02642,12.319146
37,deepfool,deepfool,deer,bird,True,5.698085,-43.825443
38,deepfool,deepfool,frog,bird,True,-20.372896,19.114092
39,deepfool,deepfool,dog,cat,True,-23.16223,-49.616558
40,deepfool,deepfool,frog,dog,True,-51.528748,5.3457646
41,deepfool,deepfool,airplane,ship,True,16.28709,10.232747
42,deepfool,deepfool,truck,automobile,True,43.219624,-25.738703
43,deepfool,deepfool,cat,frog,True,-28.810469,14.713294
44,deepfool,deepfool,horse,deer,True,-13.651117,32.35131
45,deepfool,deepfool,frog,bird,True,-6.0936017,4.8827815
46,deepfool,deepfool,truck,frog,True,-31.23741,-33.167603
47,deepfool,deepfool,ship,frog,True,22.86616,27.266537
48,deepfool,deepfool,airplane,truck,True,-5.9607935,-38.35443
49,deepfool,deepfool,cat,dog,True,-50.21794,21.795925
50,deepfool,deepfool,ship,airplane,True,18.860119,14.213733
51,deepfool,deepfool,ship,airplane,True,22.940342,8.495645
52,deepfool,deepfool,horse,cat,True,-31.010305,28.5619
53,deepfool,deepfool,horse,dog,True,-12.668795,15.169164
54,deepfool,deepfool,cat,dog,True,-29.429838,-6.823137
55,deepfool,deepfool,frog,cat,True,-14.099455,-45.338306
56,deepfool,deepfool,cat,dog,True,5.2284636,-20.866323
57,clean,clean,frog,frog,False,-32.480164,-9.607741
58,clean,clean,bird,bird,False,-22.87135,-15.045179
59,clean,clean,bird,bird,False,-6.9397483,-55.43385
60,clean,clean,horse,horse,False,-8.516393,-10.241853
61,clean,clean,bird,bird,False,16.0764,27.364477
62,clean,clean,frog,frog,False,-33.006794,-19.795263
63,clean,clean,ship,ship,False,29.13603,15.578659
64,clean,clean,ship,ship,False,23.57344,12.315071
65,clean,clean,airplane,airplane,False,31.891949,-5.660658
66,clean,clean,bird,bird,False,-29.481398,54.16478
67,clean,clean,truck,truck,False,21.895664,-12.457133
68,clean,clean,cat,cat,False,-44.299866,26.348585
69,clean,clean,cat,cat,False,-53.852123,14.180369
70,clean,clean,ship,ship,False,28.233864,9.520148
71,clean,clean,ship,ship,False,37.739548,19.096281
72,clean,clean,automobile,automobile,False,20.305052,-18.409473
73,clean,clean,automobile,automobile,False,1.3554244,-9.269856
74,clean,clean,horse,horse,False,-7.930318,45.70825
75,clean,clean,bird,bird,False,3.5324593,-5.925784
76,clean,clean,dog,dog,False,-0.24218145,-4.8533983
77,clean,clean,bird,bird,False,-6.627172,-18.72901
78,clean,clean,horse,horse,False,9.197944,-8.345886
79,clean,clean,ship,ship,False,26.018127,18.666414
80,clean,clean,truck,truck,False,41.31132,-34.803288
81,clean,clean,airplane,airplane,False,25.937151,-2.5361428
82,clean,clean,cat,cat,False,-23.12664,-2.3933966
83,clean,clean,ship,ship,False,38.130394,6.041393
84,clean,clean,frog,frog,False,-11.314066,-2.3602507
85,clean,clean,deer,deer,False,-8.902428,31.489588
86,clean,clean,frog,frog,False,-28.849974,-3.2109494
87,clean,clean,frog,frog,False,-65.64542,-3.1048658
88,clean,clean,airplane,airplane,False,18.514942,6.681105
89,clean,clean,airplane,airplane,False,2.7899451,-24.462229
90,clean,clean,horse,horse,False,-15.975669,19.500324
91,clean,clean,deer,deer,False,-17.652468,36.591488
92,clean,clean,dog,dog,False,-3.9988344,16.551397
93,clean,clean,frog,frog,False,-56.63412,-6.868289
94,clean,clean,cat,cat,False,-62.696575,-12.001471
95,clean,clean,automobile,automobile,False,33.735485,-20.597042
96,clean,clean,automobile,automobile,False,20.014038,-24.352509
97,clean,clean,cat,cat,False,-37.427254,-28.964159
98,clean,clean,frog,frog,False,-20.793488,-7.252546
99,clean,clean,ship,ship,False,-1.9190814,-21.853968
100,clean,clean,horse,horse,False,-31.864872,40.609333
101,clean,clean,deer,deer,False,-18.554815,23.8926
102,clean,clean,airplane,airplane,False,18.726223,-2.2679982
103,clean,clean,frog,frog,False,8.850104,35.353806
104,clean,clean,bird,bird,False,-26.083141,-28.22689
105,clean,clean,automobile,automobile,False,46.588707,-37.884796
106,clean,clean,cat,cat,False,-20.255047,-2.225544
107,clean,clean,airplane,airplane,False,8.722158,-1.3372215
108,clean,clean,deer,deer,False,-14.006671,-21.319511
109,clean,clean,horse,horse,False,-22.276236,-25.301678
110,clean,clean,ship,ship,False,41.781826,9.982875
111,clean,clean,cat,cat,False,8.55122,-12.057029
112,clean,clean,automobile,automobile,False,36.47533,-42.869473
113,clean,clean,bird,bird,False,-18.98054,-13.307442
114,clean,clean,ship,ship,False,22.218847,-0.16156733
115,clean,clean,ship,ship,False,28.500933,31.104595
116,clean,clean,cat,cat,False,-16.749195,-8.940752
57,fgsm,fgsm,frog,bird,True,-31.218018,-10.110923
58,fgsm,fgsm,bird,frog,True,-23.883615,-15.947336
59,fgsm,fgsm,bird,frog,True,-8.270918,-55.35376
60,fgsm,fgsm,horse,deer,True,-9.944084,-9.462163
61,fgsm,fgsm,bird,cat,True,-8.045504,5.678631
62,fgsm,fgsm,frog,cat,True,-9.381588,8.615812
63,fgsm,fgsm,ship,bird,True,0.8336739,3.4827912
64,fgsm,fgsm,ship,bird,True,0.5210244,7.4457865
65,fgsm,fgsm,airplane,truck,True,33.420948,-5.652489
66,fgsm,fgsm,bird,dog,True,-29.143875,52.703896
67,fgsm,fgsm,truck,bird,True,17.787231,-11.076236
68,fgsm,fgsm,cat,dog,True,-45.94004,26.650566
69,fgsm,fgsm,cat,dog,True,-44.18455,20.33507
70,fgsm,fgsm,ship,bird,True,26.612131,9.470603
71,fgsm,fgsm,ship,ship,False,6.284104,9.69055
72,fgsm,fgsm,automobile,truck,True,21.634298,-18.082817
73,fgsm,fgsm,automobile,cat,True,0.06003425,-7.869762
74,fgsm,fgsm,horse,cat,True,-10.45049,5.9833403
75,fgsm,fgsm,bird,cat,True,-9.133181,3.5368395
76,fgsm,fgsm,dog,truck,True,-0.8103752,-3.3286989
77,fgsm,fgsm,bird,horse,True,-7.8700995,-19.281338
78,fgsm,fgsm,horse,cat,True,-7.804164,11.524455
79,fgsm,fgsm,ship,airplane,True,24.233112,18.51753
80,fgsm,fgsm,truck,automobile,True,40.2589,-36.174423
81,fgsm,fgsm,airplane,ship,True,7.1537075,10.560714
82,fgsm,fgsm,cat,frog,True,-13.248957,-1.1964477
83,fgsm,fgsm,ship,truck,True,38.238377,4.7068653
84,fgsm,fgsm,frog,cat,True,-10.390435,-1.4125332
85,fgsm,fgsm,deer,bird,True,-8.17087,2.7446957
86,fgsm,fgsm,frog,cat,True,-29.94315,-2.208244
87,fgsm,fgsm,frog,deer,True,-66.359726,-2.2863579
88,fgsm,fgsm,airplane,bird,True,1.802977,8.294987
89,fgsm,fgsm,airplane,bird,True,1.6309382,-24.804155
90,fgsm,fgsm,horse,bird,True,-16.012817,17.739552
91,fgsm,fgsm,deer,horse,True,-17.596502,34.849327
92,fgsm,fgsm,dog,deer,True,-3.0382736,15.885944
93,fgsm,fgsm,frog,cat,True,-13.364516,0.8209824
94,fgsm,fgsm,cat,frog,True,-62.36267,-13.226588
95,fgsm,fgsm,automobile,truck,True,33.90993,-19.082392
96,fgsm,fgsm,automobile,automobile,False,21.405987,-24.160503
97,fgsm,fgsm,cat,frog,True,-38.16279,-27.235474
98,fgsm,fgsm,frog,frog,False,-21.31847,-8.058108
99,fgsm,fgsm,ship,bird,True,-2.9230158,-20.77677
100,fgsm,fgsm,horse,dog,True,-33.18209,39.6841
101,fgsm,fgsm,deer,frog,True,-19.643902,24.604343
102,fgsm,fgsm,airplane,bird,True,-3.036367,-0.65498084
103,fgsm,fgsm,frog,bird,True,9.53393,36.50819
104,fgsm,fgsm,bird,frog,True,-36.396168,-21.528706
105,fgsm,fgsm,automobile,truck,True,46.320454,-36.292374
106,fgsm,fgsm,cat,dog,True,-18.710123,-2.2828684
107,fgsm,fgsm,airplane,bird,True,5.3003006,0.09668467
108,fgsm,fgsm,deer,cat,True,-13.117024,-20.546688
109,fgsm,fgsm,horse,dog,True,-20.693712,-21.999062
110,fgsm,fgsm,ship,frog,True,-3.6411905,2.2897346
111,fgsm,fgsm,cat,cat,False,-5.847034,6.6934347
112,fgsm,fgsm,automobile,truck,True,37.506718,-43.28509
113,fgsm,fgsm,bird,cat,True,-19.185118,-11.221894
114,fgsm,fgsm,ship,bird,True,4.9169216,7.925404
115,fgsm,fgsm,ship,bird,True,-0.3433997,12.418586
116,fgsm,fgsm,cat,deer,True,-12.208403,3.5005486
57,pgd,pgd,frog,cat,True,-38.0176,4.5864387
58,pgd,pgd,bird,deer,True,-24.659159,-16.560087
59,pgd,pgd,bird,frog,True,-8.880267,-55.299145
60,pgd,pgd,horse,deer,True,-9.480728,-11.538987
61,pgd,pgd,bird,deer,True,-27.127962,31.57251
62,pgd,pgd,frog,cat,True,-28.581562,0.0786833
63,pgd,pgd,ship,cat,True,-0.10945207,2.8571327
64,pgd,pgd,ship,bird,True,22.388971,13.820478
65,pgd,pgd,airplane,frog,True,-42.408142,-20.534704
66,pgd,pgd,bird,dog,True,-30.259678,52.37354
67,pgd,pgd,truck,airplane,True,18.967728,-10.617364
68,pgd,pgd,cat,dog,True,-46.910374,25.281118
69,pgd,pgd,cat,dog,True,-45.07239,19.413723
70,pgd,pgd,ship,airplane,True,28.257713,7.624809
71,pgd,pgd,ship,frog,True,-3.4025211,-3.2762754
72,pgd,pgd,automobile,truck,True,49.0304,-27.164427
73,pgd,pgd,automobile,cat,True,-0.7497394,-8.623883
74,pgd,pgd,horse,cat,True,-32.99525,6.7497044
75,pgd,pgd,bird,cat,True,-31.976246,7.0812674
76,pgd,pgd,dog,truck,True,47.087593,-24.536179
77,pgd,pgd,bird,horse,True,-8.731269,-19.799646
78,pgd,pgd,horse,cat,True,-7.9078608,12.359165
79,pgd,pgd,ship,airplane,True,32.760174,4.1744747
80,pgd,pgd,truck,automobile,True,38.954548,-36.941242
81,pgd,pgd,airplane,ship,True,33.961384,18.49347
82,pgd,pgd,cat,bird,True,-10.262699,-5.4348593
83,pgd,pgd,ship,truck,True,39.428654,4.12982
84,pgd,pgd,frog,bird,True,-10.436869,-4.0162
85,pgd,pgd,deer,bird,True,1.6093125,-2.3243697
86,pgd,pgd,frog,cat,True,-30.850014,-1.6856111
87,pgd,pgd,frog,deer,True,-67.209435,-1.569662
88,pgd,pgd,airplane,bird,True,3.5174282,-0.04046009
89,pgd,pgd,airplane,bird,True,1.0905083,-24.947443
90,pgd,pgd,horse,cat,True,-16.83966,17.146776
91,pgd,pgd,deer,horse,True,-20.942753,38.656242
92,pgd,pgd,dog,ship,True,39.35855,25.644918
93,pgd,pgd,frog,dog,True,-56.533447,-5.2173624
94,pgd,pgd,cat,frog,True,-61.33475,-13.760444
95,pgd,pgd,automobile,truck,True,35.482204,-20.3001
96,pgd,pgd,automobile,truck,True,22.912285,-24.422388
97,pgd,pgd,cat,frog,True,-38.844402,-26.001656
98,pgd,pgd,frog,cat,True,-21.05831,-5.3512673
99,pgd,pgd,ship,cat,True,-3.4670866,-22.50343
100,pgd,pgd,horse,dog,True,-33.925797,38.996655
101,pgd,pgd,deer,frog,True,-45.851986,-13.730064
102,pgd,pgd,airplane,bird,True,-2.418631,-1.1452897
103,pgd,pgd,frog,deer,True,8.858444,33.977497
104,pgd,pgd,bird,frog,True,-37.427597,-20.923246
105,pgd,pgd,automobile,truck,True,46.01331,-34.67425
106,pgd,pgd,cat,frog,True,-40.90351,-22.327143
107,pgd,pgd,airplane,bird,True,6.3639884,-0.28308573
108,pgd,pgd,deer,dog,True,-13.444573,-23.344986
109,pgd,pgd,horse,dog,True,-21.40212,-22.89628
110,pgd,pgd,ship,airplane,True,29.763865,4.448254
111,pgd,pgd,cat,deer,True,6.124188,23.334702
112,pgd,pgd,automobile,truck,True,51.000935,-30.115738
113,pgd,pgd,bird,cat,True,-19.934483,-11.768279
114,pgd,pgd,ship,truck,True,45.109848,-16.858763
115,pgd,pgd,ship,bird,True,-0.40879074,13.239248
116,pgd,pgd,cat,deer,True,-23.625761,30.534286
57,deepfool,deepfool,frog,bird,True,-32.218487,-9.714865
58,deepfool,deepfool,bird,deer,True,-23.083588,-15.233766
59,deepfool,deepfool,bird,frog,True,-7.2286816,-55.417347
60,deepfool,deepfool,horse,deer,True,-8.773486,-10.199805
61,deepfool,deepfool,bird,cat,True,16.076487,27.36437
62,deepfool,deepfool,frog,cat,True,-32.886322,-19.828209
63,deepfool,deepfool,ship,airplane,True,28.99354,15.5609665
64,deepfool,deepfool,ship,airplane,True,23.253826,12.404605
65,deepfool,deepfool,airplane,truck,True,31.978842,-5.6700783
66,deepfool,deepfool,bird,dog,True,-29.506687,53.733196
67,deepfool,deepfool,truck,airplane,True,21.89269,-12.436221
68,deepfool,deepfool,cat,dog,True,-44.69901,26.366364
69,deepfool,deepfool,cat,dog,True,-53.850357,14.181951
70,deepfool,deepfool,ship,ship,False,27.999556,9.148474
71,deepfool,deepfool,ship,frog,True,5.966765,9.327985
72,deepfool,deepfool,automobile,truck,True,20.623533,-18.26956
73,deepfool,deepfool,automobile,cat,True,0.9314189,-8.928991
74,deepfool,deepfool,horse,dog,True,-7.9235115,45.707577
75,deepfool,deepfool,bird,cat,True,3.510458,-5.9198265
76,deepfool,deepfool,dog,horse,True,-0.25966394,-4.810941
77,deepfool,deepfool,bird,cat,True,-6.6424446,-18.735575
78,deepfool,deepfool,horse,cat,True,9.193912,-8.340688
79,deepfool,deepfool,ship,airplane,True,25.627323,18.630268
80,deepfool,deepfool,truck,automobile,True,41.01333,-35.152905
81,deepfool,deepfool,airplane,automobile,True,25.948303,-2.5732894
82,deepfool,deepfool,cat,dog,True,-23.119144,-2.4000797
83,deepfool,deepfool,ship,truck,True,38.271637,5.4290752
84,deepfool,deepfool,frog,cat,True,-10.902174,-1.9939314
85,deepfool,deepfool,deer,horse,True,-8.936013,31.493877
86,deepfool,deepfool,frog,cat,True,-28.991339,-3.0441732
87,deepfool,deepfool,frog,deer,True,-65.81665,-2.9186683
88,deepfool,deepfool,airplane,ship,True,18.568415,6.7093377
89,deepfool,deepfool,airplane,airplane,False,2.5454915,-24.550861
90,deepfool,deepfool,horse,horse,False,-16.005142,19.135551
91,deepfool,deepfool,deer,horse,True,-17.712297,36.55174
92,deepfool,deepfool,dog,deer,True,-3.8693075,16.48559
93,deepfool,deepfool,frog,dog,True,-56.615047,-6.5326686
94,deepfool,deepfool,cat,frog,True,-62.618282,-12.214328
95,deepfool,deepfool,automobile,truck,True,33.985817,-20.21897
96,deepfool,deepfool,automobile,bird,True,20.951233,-24.180647
97,deepfool,deepfool,cat,frog,True,-37.510075,-28.761402
98,deepfool,deepfool,frog,cat,True,-20.743101,-6.8276086
99,deepfool,deepfool,ship,cat,True,-2.3213174,-21.715502
100,deepfool,deepfool,horse,dog,True,-32.154568,40.4098
101,deepfool,deepfool,deer,horse,True,-18.75592,24.031582
102,deepfool,deepfool,airplane,bird,True,18.701185,-2.2624953
103,deepfool,deepfool,frog,frog,False,8.94042,35.53996
104,deepfool,deepfool,bird,frog,True,-26.119005,-28.206882
105,deepfool,deepfool,automobile,truck,True,46.49416,-37.397785
106,deepfool,deepfool,cat,dog,True,-20.070667,-2.2482069
107,deepfool,deepfool,airplane,bird,True,8.5854645,-1.3058987
108,deepfool,deepfool,deer,cat,True,-13.839585,-21.481558
109,deepfool,deepfool,horse,dog,True,-22.22642,-25.157595
110,deepfool,deepfool,ship,automobile,True,41.81174,9.881442
111,deepfool,deepfool,cat,airplane,True,8.555726,-12.050094
112,deepfool,deepfool,automobile,truck,True,36.40844,-42.969116
113,deepfool,deepfool,bird,cat,True,-19.134016,-12.9565935
114,deepfool,deepfool,ship,airplane,True,22.206863,-0.22835499
115,deepfool,deepfool,ship,airplane,True,28.45856,31.12144
116,deepfool,deepfool,cat,deer,True,-16.744146,-8.928939
117,clean,clean,bird,bird,False,2.9013662,-35.901226
118,clean,clean,deer,deer,False,-1.8732494,22.44543
119,clean,clean,automobile,automobile,False,59.295345,-18.49828
120,clean,clean,ship,ship,False,40.026688,15.299784
121,clean,clean,truck,truck,False,42.463768,-16.808657
122,clean,clean,automobile,automobile,False,38.29588,31.51195
123,clean,clean,bird,bird,False,-3.0772195,-16.051472
124,clean,clean,truck,truck,False,26.873653,-10.308923
125,clean,clean,bird,bird,False,-15.283602,6.9665504
126,clean,clean,truck,truck,False,34.00698,8.072793
127,clean,clean,frog,frog,False,-26.041739,4.9194517
128,clean,clean,dog,dog,False,-23.547012,17.03468
129,clean,clean,frog,frog,False,-25.207659,0.38291734
130,clean,clean,cat,cat,False,-13.451677,48.75251
131,clean,clean,ship,ship,False,20.327587,18.013626
132,clean,clean,horse,horse,False,-0.60938466,-13.365978
133,clean,clean,frog,frog,False,-47.473145,11.606877
134,clean,clean,dog,dog,False,-54.295643,30.210571
135,clean,clean,bird,bird,False,-19.164946,-31.934475
136,clean,clean,ship,ship,False,37.122738,-3.1317716
137,clean,clean,truck,truck,False,22.17289,-30.19321
138,clean,clean,frog,frog,False,-14.080848,-11.758541
139,clean,clean,airplane,airplane,False,9.562164,-19.165112
140,clean,clean,airplane,airplane,False,11.570388,-2.7317493
141,clean,clean,dog,dog,False,-35.88418,15.587123
142,clean,clean,bird,bird,False,0.59166104,-30.332167
143,clean,clean,truck,truck,False,-2.4998562,-46.47026
144,clean,clean,deer,deer,False,5.8129497,26.700666
145,clean,clean,bird,bird,False,6.5908847,-6.000704
146,clean,clean,automobile,automobile,False,15.460944,-27.06785
147,clean,clean,frog,frog,False,-39.4767,0.37486368
148,clean,clean,frog,frog,False,-13.830735,-7.099912
149,clean,clean,ship,ship,False,30.611948,-0.69236183
150,clean,clean,deer,deer,False,3.206508,30.950834
151,clean,clean,ship,ship,False,23.090885,22.684547
152,clean,clean,deer,deer,False,-5.661348,23.730524
153,clean,clean,dog,dog,False,-16.222603,-25.423065
154,clean,clean,truck,truck,False,47.637108,-12.113043
155,clean,clean,truck,truck,False,23.215637,-37.190586
156,clean,clean,truck,truck,False,35.55363,-24.460049
157,clean,clean,ship,ship,False,12.634243,12.265265
158,clean,clean,truck,truck,False,40.47188,-21.984472
159,clean,clean,truck,truck,False,29.5365,-32.377502
160,clean,clean,cat,cat,False,4.3762913,54.186943
161,clean,clean,horse,horse,False,-20.65766,52.050316
162,clean,clean,airplane,airplane,False,28.460196,22.834518
163,clean,clean,airplane,airplane,False,12.584056,22.367195
164,clean,clean,dog,dog,False,-25.766043,-5.8784943
165,clean,clean,bird,bird,False,4.575079,38.855537
166,clean,clean,bird,bird,False,-15.536855,-1.9531517
167,clean,clean,cat,cat,False,5.446586,-16.636835
168,clean,clean,ship,ship,False,31.66232,13.614557
169,clean,clean,frog,frog,False,-17.318075,-5.672715
170,clean,clean,cat,cat,False,-4.450506,-10.435077
171,clean,clean,airplane,airplane,False,15.0402155,17.453156
172,clean,clean,dog,dog,False,-33.889416,-14.807322
173,clean,clean,ship,ship,False,1.143724,-17.923056
117,fgsm,fgsm,bird,airplane,True,1.6464515,-36.62921
118,fgsm,fgsm,deer,bird,True,-2.8372645,20.961718
119,fgsm,fgsm,automobile,automobile,False,58.353764,-19.191189
120,fgsm,fgsm,ship,truck,True,40.895653,14.486013
121,fgsm,fgsm,truck,automobile,True,41.13997,-16.432718
122,fgsm,fgsm,automobile,horse,True,38.036427,32.765823
123,fgsm,fgsm,bird,cat,True,-7.613417,7.173678
124,fgsm,fgsm,truck,frog,True,-5.5558753,-2.684877
125,fgsm,fgsm,bird,deer,True,-13.8224535,6.19451
126,fgsm,fgsm,truck,ship,True,33.12633,9.374527
127,fgsm,fgsm,frog,cat,True,-27.487896,6.11048
128,fgsm,fgsm,dog,cat,True,-18.193933,6.9468236
129,fgsm,fgsm,frog,cat,True,-24.553995,1.5167601
130,fgsm,fgsm,cat,horse,True,-13.654748,50.047825
131,fgsm,fgsm,ship,bird,True,-2.5291722,6.5299654
132,fgsm,fgsm,horse,cat,True,-6.6942973,0.673313
133,fgsm,fgsm,frog,cat,True,-46.12594,10.638639
134,fgsm,fgsm,dog,horse,True,-55.113033,31.241947
135,fgsm,fgsm,bird,cat,True,-11.633496,0.5945692
136,fgsm,fgsm,ship,airplane,True,38.20033,-2.8501852
137,fgsm,fgsm,truck,automobile,True,21.25991,-29.249273
138,fgsm,fgsm,frog,cat,True,-13.218991,-10.7627735
139,fgsm,fgsm,airplane,cat,True,-7.7543006,-3.4250352
140,fgsm,fgsm,airplane,bird,True,0.3622654,0.15742607
141,fgsm,fgsm,dog,frog,True,-15.575948,3.1069598
142,fgsm,fgsm,bird,frog,True,-10.486685,3.275349
143,fgsm,fgsm,truck,bird,True,-4.0742793,-46.49423
144,fgsm,fgsm,deer,deer,False,4.7537417,25.550438
145,fgsm,fgsm,bird,cat,True,-1.1359837,5.3021674
146,fgsm,fgsm,automobile,truck,True,8.886796,-15.610556
147,fgsm,fgsm,frog,cat,True,-38.84673,1.5274801
148,fgsm,fgsm,frog,bird,True,-12.451892,-6.477985
149,fgsm,fgsm,ship,airplane,True,29.992765,0.36564282
150,fgsm,fgsm,deer,horse,True,2.144564,31.483435
151,fgsm,fgsm,ship,cat,True,3.987262,11.630386
152,fgsm,fgsm,deer,frog,True,-11.467017,4.5931406
153,fgsm,fgsm,dog,bird,True,-17.177422,-26.660994
154,fgsm,fgsm,truck,automobile,True,48.28161,-10.67956
155,fgsm,fgsm,truck,deer,True,22.355469,-38.35546
156,fgsm,fgsm,truck,frog,True,-4.551079,3.8577986
157,fgsm,fgsm,ship,bird,True,5.242274,5.803464
158,fgsm,fgsm,truck,automobile,True,38.899208,-21.884829
159,fgsm,fgsm,truck,automobile,True,28.109596,-32.635403
160,fgsm,fgsm,cat,dog,True,3.1360795,54.372337
161,fgsm,fgsm,horse,cat,True,-6.2619305,8.33758
162,fgsm,fgsm,airplane,ship,True,29.811893,22.906116
163,fgsm,fgsm,airplane,cat,True,11.03327,22.36525
164,fgsm,fgsm,dog,cat,True,-24.182308,-5.5438857
165,fgsm,fgsm,bird,deer,True,3.2737916,37.831158
166,fgsm,fgsm,bird,frog,True,-16.145086,-0.78735745
167,fgsm,fgsm,cat,dog,True,-12.640061,11.546217
168,fgsm,fgsm,ship,ship,False,30.658474,12.2105255
169,fgsm,fgsm,frog,bird,True,-16.379417,-4.5474944
170,fgsm,fgsm,cat,bird,True,-4.837027,1.1006306
171,fgsm,fgsm,airplane,frog,True,13.867402,17.272545
172,fgsm,fgsm,dog,frog,True,-34.90481,-15.86122
173,fgsm,fgsm,ship,cat,True,-7.8853064,9.36198
117,pgd,pgd,bird,airplane,True,3.0065129,-37.560486
118,pgd,pgd,deer,bird,True,-0.8964169,19.974377
119,pgd,pgd,automobile,truck,True,57.46511,-20.484377
120,pgd,pgd,ship,truck,True,46.583183,-17.406332
121,pgd,pgd,truck,automobile,True,40.880516,-15.346903
122,pgd,pgd,automobile,ship,True,38.599323,29.229208
123,pgd,pgd,bird,dog,True,-33.312523,17.092989
124,pgd,pgd,truck,ship,True,34.58769,22.455769
125,pgd,pgd,bird,deer,True,-22.241285,28.199814
126,pgd,pgd,truck,ship,True,32.79405,16.432026
127,pgd,pgd,frog,cat,True,-34.005123,5.0439696
128,pgd,pgd,dog,cat,True,-19.179705,7.1366215
129,pgd,pgd,frog,cat,True,-26.650518,1.7189851
130,pgd,pgd,cat,horse,True,-14.2489395,47.2812
131,pgd,pgd,ship,dog,True,-26.178097,20.404636
132,pgd,pgd,horse,cat,True,-32.134068,2.9761353
133,pgd,pgd,frog,dog,True,-46.430428,15.229994
134,pgd,pgd,dog,horse,True,-53.905247,31.99149
135,pgd,pgd,bird,cat,True,-41.792236,25.941015
136,pgd,pgd,ship,airplane,True,38.167923,-1.6187958
137,pgd,pgd,truck,automobile,True,23.320972,-29.184296
138,pgd,pgd,frog,cat,True,-42.085026,7.102826
139,pgd,pgd,airplane,cat,True,-7.6666927,-4.2477517
140,pgd,pgd,airplane,bird,True,0.5499561,-0.8949428
141,pgd,pgd,dog,cat,True,-38.62573,6.461934
142,pgd,pgd,bird,frog,True,-35.11175,-6.7264934
143,pgd,pgd,truck,bird,True,-5.135489,-46.528275
144,pgd,pgd,deer,bird,True,0.2783587,20.158113
145,pgd,pgd,bird,dog,True,-40.32209,18.599293
146,pgd,pgd,automobile,truck,True,44.579582,-32.20126
147,pgd,pgd,frog,cat,True,-38.33157,2.5576186
148,pgd,pgd,frog,bird,True,-11.303076,-6.681557
149,pgd,pgd,ship,airplane,True,29.562115,2.232952
150,pgd,pgd,deer,bird,True,4.523368,31.303427
151,pgd,pgd,ship,bird,True,3.6443949,12.6456175
152,pgd,pgd,deer,frog,True,-38.994576,-19.455484
153,pgd,pgd,dog,bird,True,-17.70123,-27.486925
154,pgd,pgd,truck,ship,True,38.95295,24.492018
155,pgd,pgd,truck,deer,True,21.718964,-39.23055
156,pgd,pgd,truck,ship,True,35.744205,19.832737
157,pgd,pgd,ship,bird,True,11.304661,11.357008
158,pgd,pgd,truck,automobile,True,38.633766,-20.706274
159,pgd,pgd,truck,automobile,True,29.689722,-34.157124
160,pgd,pgd,cat,dog,True,2.20783,55.16828
161,pgd,pgd,horse,dog,True,-39.350533,14.781009
162,pgd,pgd,airplane,ship,True,32.50067,21.620584
163,pgd,pgd,airplane,deer,True,3.036127,21.89023
164,pgd,pgd,dog,cat,True,-29.973804,1.9773077
165,pgd,pgd,bird,deer,True,2.2862678,37.10393
166,pgd,pgd,bird,cat,True,-36.34102,6.6352553
167,pgd,pgd,cat,dog,True,-29.693565,19.371775
168,pgd,pgd,ship,airplane,True,30.159725,7.0018277
169,pgd,pgd,frog,deer,True,2.2397945,26.5873
170,pgd,pgd,cat,bird,True,-3.6809385,-11.791503
171,pgd,pgd,airplane,cat,True,15.1839075,18.75343
172,pgd,pgd,dog,frog,True,-39.87251,-17.983047
173,pgd,pgd,ship,deer,True,14.753967,33.680588
117,deepfool,deepfool,bird,airplane,True,2.6987114,-36.10098
118,deepfool,deepfool,deer,bird,True,-2.026961,21.78059
119,deepfool,deepfool,automobile,truck,True,59.18648,-18.6278
120,deepfool,deepfool,ship,truck,True,40.618042,14.721541
121,deepfool,deepfool,truck,truck,False,41.84283,-16.606684
122,deepfool,deepfool,automobile,frog,True,38.256855,31.696075
123,deepfool,deepfool,bird,cat,True,-3.0751002,-16.05177
124,deepfool,deepfool,truck,ship,True,26.795134,-10.219825
125,deepfool,deepfool,bird,deer,True,-15.064898,6.844246
126,deepfool,deepfool,truck,ship,True,34.00259,8.082565
127,deepfool,deepfool,frog,cat,True,-26.117125,4.979811
128,deepfool,deepfool,dog,bird,True,-23.501724,17.007122
129,deepfool,deepfool,frog,cat,True,-25.19917,0.7930197
130,deepfool,deepfool,cat,horse,True,-13.547693,48.764282
131,deepfool,deepfool,ship,airplane,True,20.294748,17.985752
132,deepfool,deepfool,horse,airplane,True,-0.59639895,-13.368488
133,deepfool,deepfool,frog,frog,False,-47.204277,11.492853
134,deepfool,deepfool,dog,dog,False,-54.390263,30.381655
135,deepfool,deepfool,bird,bird,False,-19.167673,-31.926867
136,deepfool,deepfool,ship,airplane,True,37.22187,-3.0927696
137,deepfool,deepfool,truck,automobile,True,22.129187,-30.002037
138,deepfool,deepfool,frog,cat,True,-13.903996,-11.55462
139,deepfool,deepfool,airplane,airplane,False,9.541087,-19.166433
140,deepfool,deepfool,airplane,bird,True,11.548606,-2.7275033
141,deepfool,deepfool,dog,cat,True,-35.827118,15.462032
142,deepfool,deepfool,bird,frog,True,0.58663803,-30.332762
143,deepfool,deepfool,truck,truck,False,-2.8978078,-46.478428
144,deepfool,deepfool,deer,horse,True,5.5353823,26.422203
145,deepfool,deepfool,bird,airplane,True,6.594426,-5.99153
146,deepfool,deepfool,automobile,airplane,True,15.433045,-27.046713
147,deepfool,deepfool,frog,cat,True,-39.35153,0.6348189
148,deepfool,deepfool,frog,bird,True,-12.908842,-6.6916533
149,deepfool,deepfool,ship,airplane,True,30.521734,-0.5347509
150,deepfool,deepfool,deer,horse,True,3.1159527,30.977457
151,deepfool,deepfool,ship,truck,True,23.05643,22.695986
152,deepfool,deepfool,deer,frog,True,-5.690672,23.707407
153,deepfool,deepfool,dog,bird,True,-16.510342,-25.779896
154,deepfool,deepfool,truck,ship,True,47.81141,-11.680007
155,deepfool,deepfool,truck,horse,True,23.05801,-37.411255
156,deepfool,deepfool,truck,ship,True,35.43836,-24.37682
157,deepfool,deepfool,ship,bird,True,12.404095,12.112497
158,deepfool,deepfool,truck,truck,False,40.00088,-21.930248
159,deepfool,deepfool,truck,truck,False,29.177504,-32.62602
160,deepfool,deepfool,cat,dog,True,4.0625343,54.25852
161,deepfool,deepfool,horse,dog,True,-20.658438,52.05801
162,deepfool,deepfool,airplane,ship,True,28.784536,22.849163
163,deepfool,deepfool,airplane,cat,True,12.283768,22.37127
164,deepfool,deepfool,dog,cat,True,-25.49683,-5.8278103
165,deepfool,deepfool,bird,bird,False,3.6734693,38.12864
166,deepfool,deepfool,bird,horse,True,-15.583456,-1.9027683
167,deepfool,deepfool,cat,airplane,True,5.4573107,-16.627007
168,deepfool,deepfool,ship,deer,True,31.425749,13.200723
169,deepfool,deepfool,frog,bird,True,-17.13805,-5.482459
170,deepfool,deepfool,cat,bird,True,-4.3204727,-10.63602
171,deepfool,deepfool,airplane,airplane,False,14.971965,17.482018
172,deepfool,deepfool,dog,frog,True,-34.157112,-15.074385
173,deepfool,deepfool,ship,ship,False,1.1342052,-17.911394
174,clean,clean,airplane,airplane,False,-4.0456257,-32.731308
175,clean,clean,automobile,automobile,False,26.528584,-27.378319
176,clean,clean,horse,horse,False,-37.845165,29.169035
177,clean,clean,bird,bird,False,-11.077588,-15.732692
178,clean,clean,ship,ship,False,46.867424,19.952833
179,clean,clean,ship,ship,False,18.9099,33.677036
180,clean,clean,horse,horse,False,-30.198015,35.204784
181,clean,clean,ship,ship,False,18.399866,22.563906
182,clean,clean,dog,dog,False,-22.545261,6.5062027
183,clean,clean,automobile,automobile,False,27.90164,-5.888386
184,clean,clean,ship,ship,False,20.029955,2.1333227
185,clean,clean,horse,horse,False,10.1856,-52.853638
186,clean,clean,automobile,automobile,False,11.291612,-37.99136
187,clean,clean,cat,cat,False,-35.758484,46.82004
188,clean,clean,airplane,airplane,False,13.41746,0.26248503
189,clean,clean,dog,dog,False,-19.22077,11.37924
190,clean,clean,horse,horse,False,-39.5912,38.91862
191,clean,clean,truck,truck,False,31.499868,-38.618042
192,clean,clean,deer,deer,False,23.676416,-7.540213
193,clean,clean,dog,dog,False,-31.778076,16.76424
194,clean,clean,truck,truck,False,50.27009,10.696326
195,clean,clean,ship,ship,False,10.114699,15.876656
196,clean,clean,airplane,airplane,False,4.617476,-12.346847
197,clean,clean,horse,horse,False,-8.119383,54.37391
198,clean,clean,truck,truck,False,37.348015,-28.923176
199,clean,clean,ship,ship,False,12.845482,-10.616729
200,clean,clean,bird,bird,False,-2.754028,37.694275
201,clean,clean,horse,horse,False,-10.62844,40.259853
202,clean,clean,truck,truck,False,27.922935,-43.266968
203,clean,clean,deer,deer,False,-11.076498,9.303279
204,clean,clean,truck,truck,False,35.34449,-35.215103
205,clean,clean,deer,deer,False,-5.0044947,28.880737
206,clean,clean,frog,frog,False,-20.894377,-39.720966
207,clean,clean,dog,dog,False,-36.50425,12.184744
208,clean,clean,automobile,automobile,False,54.751846,-13.398815
209,clean,clean,dog,dog,False,-15.734552,-17.259361
210,clean,clean,ship,ship,False,14.797199,-20.380116
211,clean,clean,ship,ship,False,37.483353,10.635157
212,clean,clean,airplane,airplane,False,14.982343,3.646932
213,clean,clean,deer,deer,False,-7.076651,-7.284089
214,clean,clean,airplane,airplane,False,35.562733,-9.790283
215,clean,clean,dog,dog,False,-22.649906,10.558428
216,clean,clean,dog,dog,False,-48.11775,44.72244
217,clean,clean,automobile,automobile,False,10.269311,-31.437382
218,clean,clean,automobile,automobile,False,39.561867,-26.957705
219,clean,clean,ship,ship,False,13.1800995,-16.103355
220,clean,clean,truck,truck,False,19.409925,-7.092999
221,clean,clean,airplane,airplane,False,14.068216,7.240323
222,clean,clean,cat,cat,False,-56.320366,-17.939213
223,clean,clean,automobile,automobile,False,17.285837,-33.098816
224,clean,clean,bird,bird,False,-31.0131,-44.612396
225,clean,clean,bird,bird,False,-24.360037,-34.068596
226,clean,clean,dog,dog,False,-25.326988,13.802134
227,clean,clean,cat,cat,False,5.9444,44.657925
228,clean,clean,truck,truck,False,32.95302,-28.46237
229,clean,clean,truck,truck,False,53.235775,-5.4332805
230,clean,clean,deer,deer,False,-14.423493,24.527006
231,clean,clean,airplane,airplane,False,23.334064,3.119896
174,fgsm,fgsm,airplane,dog,True,-5.3034368,-32.300583
175,fgsm,fgsm,automobile,truck,True,-5.555381,-0.77855724
176,fgsm,fgsm,horse,deer,True,-37.1249,30.742134
177,fgsm,fgsm,bird,horse,True,-10.434356,10.814765
178,fgsm,fgsm,ship,truck,True,47.869316,21.20673
179,fgsm,fgsm,ship,cat,True,-8.718002,4.2901263
180,fgsm,fgsm,horse,cat,True,-31.19554,34.349075
181,fgsm,fgsm,ship,bird,True,-8.259561,0.9864451
182,fgsm,fgsm,dog,cat,True,-22.078234,4.8538237
183,fgsm,fgsm,automobile,airplane,True,-1.2405878,8.022744
184,fgsm,fgsm,ship,ship,False,6.4744425,4.039389
185,fgsm,fgsm,horse,dog,True,9.070607,-53.079674
186,fgsm,fgsm,automobile,frog,True,10.014992,-38.85589
187,fgsm,fgsm,cat,cat,False,-12.215649,27.511068
188,fgsm,fgsm,airplane,dog,True,11.640245,0.454856
189,fgsm,fgsm,dog,cat,True,-17.92314,10.39685
190,fgsm,fgsm,horse,horse,False,-39.40345,39.820984
191,fgsm,fgsm,truck,cat,True,-1.8523165,1.4660938
192,fgsm,fgsm,deer,truck,True,23.247795,-8.629228
193,fgsm,fgsm,dog,cat,True,-10.500637,1.9605919
194,fgsm,fgsm,truck,ship,True,50.363968,11.936743
195,fgsm,fgsm,ship,bird,True,8.800813,16.437305
196,fgsm,fgsm,airplane,bird,True,3.441665,-12.875921
197,fgsm,fgsm,horse,dog,True,-6.4831395,54.279312
198,fgsm,fgsm,truck,automobile,True,36.901253,-30.221786
199,fgsm,fgsm,ship,cat,True,-9.4274435,1.8470805
200,fgsm,fgsm,bird,deer,True,-3.5363553,38.86818
201,fgsm,fgsm,horse,dog,True,-9.242559,39.3241
202,fgsm,fgsm,truck,automobile,True,28.65788,-44.290245
203,fgsm,fgsm,deer,dog,True,-12.258656,9.329838
204,fgsm,fgsm,truck,automobile,True,34.98813,-33.889004
205,fgsm,fgsm,deer,bird,True,-4.372652,26.877527
206,fgsm,fgsm,frog,bird,True,-21.89973,-40.67186
207,fgsm,fgsm,dog,cat,True,-36.103924,10.730518
208,fgsm,fgsm,automobile,truck,True,53.955353,-14.540036
209,fgsm,fgsm,dog,frog,True,-15.766066,-15.51231
210,fgsm,fgsm,ship,automobile,True,15.332343,-21.679197
211,fgsm,fgsm,ship,cat,True,-2.849685,4.3350163
212,fgsm,fgsm,airplane,bird,True,13.48163,3.855041
213,fgsm,fgsm,deer,bird,True,-7.885447,4.13994
214,fgsm,fgsm,airplane,truck,True,35.537083,-11.582011
215,fgsm,fgsm,dog,cat,True,-22.34831,9.088905
216,fgsm,fgsm,dog,cat,True,-47.4512,44.018024
217,fgsm,fgsm,automobile,automobile,False,11.083755,-31.897291
218,fgsm,fgsm,automobile,truck,True,37.104313,-25.243443
219,fgsm,fgsm,ship,airplane,True,12.351417,-14.570445
220,fgsm,fgsm,truck,ship,True,17.889029,-6.5862923
221,fgsm,fgsm,airplane,deer,True,6.721948,20.888262
222,fgsm,fgsm,cat,frog,True,-54.862087,-17.042036
223,fgsm,fgsm,automobile,automobile,False,17.550137,-33.761494
224,fgsm,fgsm,bird,cat,True,-31.971426,-45.31338
225,fgsm,fgsm,bird,frog,True,-25.60109,-33.912792
226,fgsm,fgsm,dog,cat,True,-25.549103,11.75691
227,fgsm,fgsm,cat,bird,True,-11.370084,7.158116
228,fgsm,fgsm,truck,truck,False,32.747574,-29.59153
229,fgsm,fgsm,truck,automobile,True,51.80934,-5.5708213
230,fgsm,fgsm,deer,horse,True,-14.539446,23.263287
231,fgsm,fgsm,airplane,ship,True,6.602531,12.135494
174,pgd,pgd,airplane,dog,True,-50.27267,26.324574
175,pgd,pgd,automobile,truck,True,42.659245,-19.867632
176,pgd,pgd,horse,deer,True,-36.72598,31.680857
177,pgd,pgd,bird,horse,True,-24.7635,37.78291
178,pgd,pgd,ship,truck,True,48.977345,19.164661
179,pgd,pgd,ship,deer,True,16.852318,33.785076
180,pgd,pgd,horse,cat,True,-32.111576,33.863476
181,pgd,pgd,ship,frog,True,-38.13461,-17.043192
182,pgd,pgd,dog,cat,True,-23.140924,4.5090733
183,pgd,pgd,automobile,truck,True,45.132935,-19.301775
184,pgd,pgd,ship,airplane,True,17.682169,2.3976269
185,pgd,pgd,horse,truck,True,11.623701,-52.87427
186,pgd,pgd,automobile,frog,True,-42.287712,-19.364897
187,pgd,pgd,cat,dog,True,-36.95772,45.94714
188,pgd,pgd,airplane,ship,True,41.379814,17.983671
189,pgd,pgd,dog,cat,True,-19.389488,9.748551
190,pgd,pgd,horse,dog,True,-39.975517,37.34941
191,pgd,pgd,truck,automobile,True,33.268585,-39.673786
192,pgd,pgd,deer,truck,True,49.08038,-28.467102
193,pgd,pgd,dog,cat,True,-36.20534,5.4418025
194,pgd,pgd,truck,ship,True,37.383183,22.429008
195,pgd,pgd,ship,bird,True,7.9467454,17.070913
196,pgd,pgd,airplane,bird,True,2.7637131,-13.508322
197,pgd,pgd,horse,dog,True,-7.0394254,55.69842
198,pgd,pgd,truck,automobile,True,37.755466,-31.450335
199,pgd,pgd,ship,cat,True,-13.693214,-3.718957
200,pgd,pgd,bird,deer,True,-4.062176,39.70833
201,pgd,pgd,horse,dog,True,-8.611132,38.603046
202,pgd,pgd,truck,automobile,True,29.870468,-43.315884
203,pgd,pgd,deer,cat,True,-31.341705,5.9987893
204,pgd,pgd,truck,automobile,True,36.73021,-33.100014
205,pgd,pgd,deer,cat,True,-39.154995,7.7439013
206,pgd,pgd,frog,bird,True,-22.706158,-41.43268
207,pgd,pgd,dog,cat,True,-36.569607,9.680384
208,pgd,pgd,automobile,truck,True,53.424557,-15.478431
209,pgd,pgd,dog,deer,True,-14.844215,-15.273388
210,pgd,pgd,ship,automobile,True,16.18791,-22.50267
211,pgd,pgd,ship,truck,True,45.212254,-30.511309
212,pgd,pgd,airplane,bird,True,12.374383,4.0028353
213,pgd,pgd,deer,bird,True,-5.023427,-5.3769393
214,pgd,pgd,airplane,truck,True,47.977764,-19.446749
215,pgd,pgd,dog,cat,True,-29.9972,3.2264304
216,pgd,pgd,dog,cat,True,-47.076992,43.552166
217,pgd,pgd,automobile,automobile,False,12.044198,-32.38842
218,pgd,pgd,automobile,truck,True,45.836304,-28.664093
219,pgd,pgd,ship,airplane,True,14.706735,-14.319796
220,pgd,pgd,truck,ship,True,37.84855,16.962143
221,pgd,pgd,airplane,deer,True,6.364007,21.887411
222,pgd,pgd,cat,frog,True,-54.10534,-16.443586
223,pgd,pgd,automobile,truck,True,19.49217,-33.36
224,pgd,pgd,bird,cat,True,-33.061527,-45.40923
225,pgd,pgd,bird,frog,True,-44.875164,-19.388788
226,pgd,pgd,dog,cat,True,-26.658972,10.796252
227,pgd,pgd,cat,bird,True,7.3948503,45.194168
228,pgd,pgd,truck,automobile,True,31.454855,-29.652014
229,pgd,pgd,truck,automobile,True,50.922268,-6.5098
230,pgd,pgd,deer,horse,True,-14.923448,26.183733
231,pgd,pgd,airplane,cat,True,6.7402544,13.206941
174,deepfool,deepfool,airplane,cat,True,-4.1129847,-32.708683
175,deepfool,deepfool,automobile,truck,True,26.54454,-27.370075
176,deepfool,deepfool,horse,horse,False,-37.692913,29.509981
177,deepfool,deepfool,bird,horse,True,-11.077889,-15.732632
178,deepfool,deepfool,ship,truck,True,47.344383,20.14383
179,deepfool,deepfool,ship,deer,True,18.61717,33.69141
180,deepfool,deepfool,horse,cat,True,-30.36159,35.0658
181,deepfool,deepfool,ship,truck,True,18.3395,22.576311
182,deepfool,deepfool,dog,cat,True,-22.497707,6.284187
183,deepfool,deepfool,automobile,airplane,True,27.889723,-5.8819375
184,deepfool,deepfool,ship,airplane,True,19.164127,2.4128797
185,deepfool,deepfool,horse,dog,True,10.150394,-52.872517
186,deepfool,deepfool,automobile,frog,True,10.950616,-38.21768
187,deepfool,deepfool,cat,dog,True,-35.891476,46.73253
188,deepfool,deepfool,airplane,cat,True,13.096993,0.25107205
189,deepfool,deepfool,dog,cat,True,-18.98291,10.942957
190,deepfool,deepfool,horse,dog,True,-39.762516,38.20912
191,deepfool,deepfool,truck,automobile,True,31.61576,-38.751064
192,deepfool,deepfool,deer,airplane,True,23.670502,-7.548615
193,deepfool,deepfool,dog,cat,True,-31.494865,16.604132
194,deepfool,deepfool,truck,ship,True,50.269146,10.7160845
195,deepfool,deepfool,ship,automobile,True,10.051799,15.900496
196,deepfool,deepfool,airplane,airplane,False,4.3166294,-12.482914
197,deepfool,deepfool,horse,dog,True,-7.6980667,54.502052
198,deepfool,deepfool,truck,automobile,True,37.29267,-29.164587
199,deepfool,deepfool,ship,cat,True,12.79509,-10.624814
200,deepfool,deepfool,bird,horse,True,-2.7601204,37.7
201,deepfool,deepfool,horse,dog,True,-10.355863,40.084118
202,deepfool,deepfool,truck,truck,False,28.238113,-43.60187
203,deepfool,deepfool,deer,dog,True,-11.141173,9.321011
204,deepfool,deepfool,truck,automobile,True,35.2961,-34.89295
205,deepfool,deepfool,deer,deer,False,-4.95546,28.661148
206,deepfool,deepfool,frog,bird,True,-20.93171,-39.75719
207,deepfool,deepfool,dog,dog,False,-36.33566,11.572073
208,deepfool,deepfool,automobile,automobile,False,54.40848,-13.900133
209,deepfool,deepfool,dog,deer,True,-15.716935,-17.055292
210,deepfool,deepfool,ship,automobile,True,14.95022,-20.715773
211,deepfool,deepfool,ship,truck,True,37.473328,10.484213
212,deepfool,deepfool,airplane,bird,True,14.380849,3.6552796
213,deepfool,deepfool,deer,bird,True,-6.956569,-7.1988873
214,deepfool,deepfool,airplane,truck,True,35.564293,-9.889767
215,deepfool,deepfool,dog,horse,True,-22.599747,10.391351
216,deepfool,deepfool,dog,dog,False,-48.12577,45.165794
217,deepfool,deepfool,automobile,automobile,False,9.597517,-31.039326
218,deepfool,deepfool,automobile,truck,True,39.525585,-26.897532
219,deepfool,deepfool,ship,airplane,True,13.168925,-16.044872
220,deepfool,deepfool,truck,ship,True,18.345299,-6.703897
221,deepfool,deepfool,airplane,deer,True,14.00655,7.3341107
222,deepfool,deepfool,cat,frog,True,-56.255505,-17.898504
223,deepfool,deepfool,automobile,truck,True,18.055204,-33.391563
224,deepfool,deepfool,bird,cat,True,-31.175222,-44.70869
225,deepfool,deepfool,bird,airplane,True,-24.623615,-34.03635
226,deepfool,deepfool,dog,cat,True,-25.318197,13.645353
227,deepfool,deepfool,cat,bird,True,6.1388154,44.7266
228,deepfool,deepfool,truck,truck,False,32.865383,-28.07023
229,deepfool,deepfool,truck,truck,False,52.863983,-5.4905176
230,deepfool,deepfool,deer,deer,False,-14.454467,24.578312
231,deepfool,deepfool,airplane,ship,True,23.344563,3.1307259
232,clean,clean,cat,cat,False,15.084769,51.12148
233,clean,clean,airplane,airplane,False,21.882828,-3.849856
234,clean,clean,airplane,airplane,False,25.855873,0.92126465
235,clean,clean,truck,truck,False,43.754272,-4.9035573
236,clean,clean,ship,ship,False,45.71405,14.831869
237,clean,clean,automobile,automobile,False,10.95865,-24.341337
238,clean,clean,dog,dog,False,-3.9640968,-27.290201
239,clean,clean,horse,horse,False,-19.737873,-18.37856
240,clean,clean,airplane,airplane,False,9.443722,1.9674302
241,clean,clean,ship,ship,False,20.300444,9.838089
242,clean,clean,bird,bird,False,10.928682,28.994678
243,clean,clean,deer,deer,False,-7.263873,-14.007737
244,clean,clean,horse,horse,False,-15.276473,42.06436
245,clean,clean,airplane,airplane,False,5.466212,-8.877659
246,clean,clean,bird,bird,False,-2.923395,33.095425
247,clean,clean,cat,cat,False,-36.03033,24.19738
248,clean,clean,frog,frog,False,-40.155396,-7.307612
249,clean,clean,cat,cat,False,-32.681053,12.883888
250,clean,clean,ship,ship,False,36.982376,14.363201
251,clean,clean,dog,dog,False,-24.450577,-10.491149
252,clean,clean,airplane,airplane,False,25.866602,-14.582888
253,clean,clean,cat,cat,False,-28.730112,-14.131782
254,clean,clean,deer,deer,False,-22.721897,23.611506
255,clean,clean,cat,cat,False,-45.21372,-29.415201
256,clean,clean,truck,truck,False,18.561264,-14.535362
257,clean,clean,airplane,airplane,False,46.193386,30.161028
258,clean,clean,frog,frog,False,-20.97778,0.90279347
259,clean,clean,automobile,automobile,False,40.53528,-12.129656
260,clean,clean,airplane,airplane,False,30.49595,-9.431491
261,clean,clean,truck,truck,False,43.035065,-30.556593
262,clean,clean,automobile,automobile,False,8.114838,-29.159517
263,clean,clean,airplane,airplane,False,22.208685,6.9724417
264,clean,clean,horse,horse,False,-1.3556353,47.70108
265,clean,clean,truck,truck,False,36.802246,-16.522629
266,clean,clean,automobile,automobile,False,-12.898729,-36.750587
267,clean,clean,bird,bird,False,-3.4460294,-6.584518
268,clean,clean,frog,frog,False,-45.639484,-9.4616375
269,clean,clean,cat,cat,False,-61.7682,12.527135
270,clean,clean,deer,deer,False,2.8194323,19.61624
271,clean,clean,frog,frog,False,-34.53875,-5.571511
272,clean,clean,airplane,airplane,False,16.566643,0.60054487
273,clean,clean,airplane,airplane,False,14.047165,-6.0192475
274,clean,clean,frog,frog,False,-45.12721,-3.9013155
275,clean,clean,frog,frog,False,-43.379555,-13.239879
276,clean,clean,frog,frog,False,-48.350567,-14.538215
277,clean,clean,cat,cat,False,-17.883175,29.205444
278,clean,clean,bird,bird,False,-10.72215,-30.795164
279,clean,clean,frog,frog,False,-14.888959,10.319989
280,clean,clean,automobile,automobile,False,34.420143,1.8024439
281,clean,clean,bird,bird,False,-16.810682,13.858929
282,clean,clean,automobile,automobile,False,53.34378,-34.547314
283,clean,clean,ship,ship,False,26.38297,13.591738
284,clean,clean,frog,frog,False,-48.414402,-21.534964
285,clean,clean,ship,ship,False,20.708464,5.012128
286,clean,clean,deer,deer,False,-26.611263,42.210114
287,clean,clean,airplane,airplane,False,9.444129,-4.722155
288,clean,clean,horse,horse,False,-19.56163,45.254128
289,clean,clean,dog,dog,False,-50.72888,-2.6105285
290,clean,clean,dog,dog,False,-34.059727,20.181528
232,fgsm,fgsm,cat,frog,True,14.456793,49.765045
233,fgsm,fgsm,airplane,bird,True,-4.172429,5.647531
234,fgsm,fgsm,airplane,ship,True,3.7947328,9.62704
235,fgsm,fgsm,truck,automobile,True,45.14634,-4.9414554
236,fgsm,fgsm,ship,truck,True,45.99143,13.728608
237,fgsm,fgsm,automobile,ship,True,9.655429,-23.557276
238,fgsm,fgsm,dog,frog,True,-6.795725,2.279285
239,fgsm,fgsm,horse,cat,True,-32.30574,0.14091122
240,fgsm,fgsm,airplane,ship,True,9.296152,3.2569184
241,fgsm,fgsm,ship,bird,True,-4.033506,7.4927497
242,fgsm,fgsm,bird,frog,True,10.732211,27.766375
243,fgsm,fgsm,deer,deer,False,-7.5807757,-13.418036
244,fgsm,fgsm,horse,horse,False,-14.468261,42.21961
245,fgsm,fgsm,airplane,bird,True,-9.031876,5.3469877
246,fgsm,fgsm,bird,deer,True,-2.5446968,9.927896
247,fgsm,fgsm,cat,dog,True,-37.873314,23.31174
248,fgsm,fgsm,frog,frog,False,-39.547302,-5.273573
249,fgsm,fgsm,cat,dog,True,-12.349846,1.5888953
250,fgsm,fgsm,ship,ship,False,7.308702,7.977611
251,fgsm,fgsm,dog,cat,True,-25.78869,-10.027243
252,fgsm,fgsm,airplane,ship,True,27.194336,-14.563399
253,fgsm,fgsm,cat,dog,True,-29.526693,-14.991938
254,fgsm,fgsm,deer,dog,True,-23.979918,22.675606
255,fgsm,fgsm,cat,frog,True,-44.43605,-28.07478
256,fgsm,fgsm,truck,airplane,True,17.844099,-13.24024
257,fgsm,fgsm,airplane,ship,True,45.295277,29.260286
258,fgsm,fgsm,frog,cat,True,-21.750603,1.7926714
259,fgsm,fgsm,automobile,truck,True,42.14197,-11.770941
260,fgsm,fgsm,airplane,truck,True,32.13987,-9.944891
261,fgsm,fgsm,truck,automobile,True,41.679375,-31.458555
262,fgsm,fgsm,automobile,frog,True,6.850937,-28.378965
263,fgsm,fgsm,airplane,ship,True,8.22292,10.115778
264,fgsm,fgsm,horse,dog,True,-1.4044623,43.884716
265,fgsm,fgsm,truck,automobile,True,1.584648,2.002554
266,fgsm,fgsm,automobile,frog,True,-14.180678,-35.966206
267,fgsm,fgsm,bird,deer,True,-10.038163,4.6181436
268,fgsm,fgsm,frog,cat,True,-45.695732,-8.244565
269,fgsm,fgsm,cat,deer,True,-60.511566,12.346612
270,fgsm,fgsm,deer,bird,True,-6.8237867,3.8592918
271,fgsm,fgsm,frog,cat,True,-34.014683,-4.295975
272,fgsm,fgsm,airplane,airplane,False,5.611075,3.0037756
273,fgsm,fgsm,airplane,bird,True,12.707289,-6.263268
274,fgsm,fgsm,frog,cat,True,-44.499187,-2.570906
275,fgsm,fgsm,frog,cat,True,-42.59597,-11.699985
276,fgsm,fgsm,frog,deer,True,-7.69898,-1.2615973
277,fgsm,fgsm,cat,dog,True,-18.613611,28.281727
278,fgsm,fgsm,bird,dog,True,-9.328136,-28.48384
279,fgsm,fgsm,frog,frog,False,-13.73471,8.068376
280,fgsm,fgsm,automobile,airplane,True,0.8374437,4.9521046
281,fgsm,fgsm,bird,cat,True,-15.839838,12.7218275
282,fgsm,fgsm,automobile,truck,True,52.605507,-32.532036
283,fgsm,fgsm,ship,frog,True,3.941922,5.73176
284,fgsm,fgsm,frog,bird,True,-49.562527,-22.088858
285,fgsm,fgsm,ship,bird,True,2.9815662,4.2670946
286,fgsm,fgsm,deer,horse,True,-25.521431,42.828144
287,fgsm,fgsm,airplane,deer,True,0.20843363,15.4251175
288,fgsm,fgsm,horse,deer,True,-19.567305,46.59887
289,fgsm,fgsm,dog,frog,True,-50.02781,-4.480646
290,fgsm,fgsm,dog,cat,True,-18.073013,0.59964705
232,pgd,pgd,cat,bird,True,16.332745,50.209442
233,pgd,pgd,airplane,ship,True,39.011127,20.18687
234,pgd,pgd,airplane,ship,True,35.10559,17.959496
235,pgd,pgd,truck,automobile,True,46.06405,-5.099713
236,pgd,pgd,ship,truck,True,49.911083,-25.84523
237,pgd,pgd,automobile,truck,True,49.266026,-22.714045
238,pgd,pgd,dog,frog,True,-41.90305,-18.409733
239,pgd,pgd,horse,cat,True,-33.214504,0.50379795
240,pgd,pgd,airplane,ship,True,40.184082,23.320927
241,pgd,pgd,ship,bird,True,-3.76681,8.4484825
242,pgd,pgd,bird,cat,True,-32.21673,8.494381
243,pgd,pgd,deer,dog,True,-43.493973,17.464453
244,pgd,pgd,horse,dog,True,-16.962471,41.396473
245,pgd,pgd,airplane,cat,True,-31.507963,3.9717946
246,pgd,pgd,bird,deer,True,-5.0946116,32.56931
247,pgd,pgd,cat,dog,True,-38.67881,22.611681
248,pgd,pgd,frog,cat,True,-40.13389,-4.474488
249,pgd,pgd,cat,dog,True,-39.81038,17.564737
250,pgd,pgd,ship,truck,True,46.935947,-19.00395
251,pgd,pgd,dog,cat,True,-26.819637,-9.787277
252,pgd,pgd,airplane,automobile,True,27.36975,-16.333693
253,pgd,pgd,cat,dog,True,-30.334774,-15.6175585
254,pgd,pgd,deer,dog,True,-25.253416,21.797115
255,pgd,pgd,cat,frog,True,-43.902847,-27.106348
256,pgd,pgd,truck,airplane,True,16.569027,-13.371454
257,pgd,pgd,airplane,ship,True,44.450657,28.400398
258,pgd,pgd,frog,cat,True,-28.728354,2.9288297
259,pgd,pgd,automobile,truck,True,43.862682,-13.303812
260,pgd,pgd,airplane,truck,True,48.403248,-17.749752
261,pgd,pgd,truck,automobile,True,41.12345,-29.211851
262,pgd,pgd,automobile,frog,True,5.7157397,-28.377518
263,pgd,pgd,airplane,ship,True,34.077686,16.91407
264,pgd,pgd,horse,dog,True,-0.91259897,44.64281
265,pgd,pgd,truck,ship,True,41.49556,18.986366
266,pgd,pgd,automobile,frog,True,-15.597935,-36.06537
267,pgd,pgd,bird,deer,True,-21.630392,30.865509
268,pgd,pgd,frog,cat,True,-43.032394,-0.18117137
269,pgd,pgd,cat,dog,True,-59.53353,12.798454
270,pgd,pgd,deer,bird,True,3.5378628,18.152231
271,pgd,pgd,frog,cat,True,-34.12623,-2.9933643
272,pgd,pgd,airplane,bird,True,5.267733,2.2746031
273,pgd,pgd,airplane,bird,True,12.132187,-6.997895
274,pgd,pgd,frog,cat,True,-43.810543,-1.4871331
275,pgd,pgd,frog,cat,True,-36.46726,-1.1458185
276,pgd,pgd,frog,deer,True,-24.4832,33.558548
277,pgd,pgd,cat,dog,True,-38.60501,18.524942
278,pgd,pgd,bird,dog,True,-11.898607,-29.693443
279,pgd,pgd,frog,bird,True,-16.01944,8.423686
280,pgd,pgd,automobile,airplane,True,33.15716,3.271981
281,pgd,pgd,bird,cat,True,-18.506666,14.46694
282,pgd,pgd,automobile,truck,True,52.007805,-31.435083
283,pgd,pgd,ship,truck,True,34.649136,-14.846727
284,pgd,pgd,frog,bird,True,-49.809784,-23.349438
285,pgd,pgd,ship,airplane,True,16.055344,4.622206
286,pgd,pgd,deer,horse,True,-24.166916,41.953136
287,pgd,pgd,airplane,deer,True,0.85255647,15.976701
288,pgd,pgd,horse,deer,True,-20.96658,46.470436
289,pgd,pgd,dog,frog,True,-50.003265,-5.589123
290,pgd,pgd,dog,cat,True,-40.094814,6.2064023
232,deepfool,deepfool,cat,frog,True,15.003032,50.8187
233,deepfool,deepfool,airplane,ship,True,21.891165,-3.8344877
234,deepfool,deepfool,airplane,ship,True,25.849558,0.9308477
235,deepfool,deepfool,truck,automobile,True,43.830452,-4.9052544
236,deepfool,deepfool,ship,ship,False,45.744083,15.036251
237,deepfool,deepfool,automobile,truck,True,10.665144,-24.160769
238,deepfool,deepfool,dog,cat,True,-3.9620044,-27.289268
239,deepfool,deepfool,horse,cat,True,-19.739182,-18.374935
240,deepfool,deepfool,airplane,ship,True,9.432562,2.0838766
241,deepfool,deepfool,ship,bird,True,20.264784,9.833432
242,deepfool,deepfool,bird,ship,True,10.926817,28.92585
243,deepfool,deepfool,deer,frog,True,-6.943137,-14.588776
244,deepfool,deepfool,horse,deer,True,-15.777179,41.866997
245,deepfool,deepfool,airplane,cat,True,5.447875,-8.892065
246,deepfool,deepfool,bird,deer,True,-3.1130412,33.04987
247,deepfool,deepfool,cat,dog,True,-36.08951,24.168169
248,deepfool,deepfool,frog,bird,True,-40.085266,-7.028065
249,deepfool,deepfool,cat,dog,True,-32.68383,12.891623
250,deepfool,deepfool,ship,truck,True,36.98979,14.1896515
251,deepfool,deepfool,dog,cat,True,-24.513157,-10.469875
252,deepfool,deepfool,airplane,airplane,False,26.227562,-14.694042
253,deepfool,deepfool,cat,dog,True,-28.790113,-14.193821
254,deepfool,deepfool,deer,dog,True,-22.900831,23.4629
255,deepfool,deepfool,cat,cat,False,-45.16139,-29.324703
256,deepfool,deepfool,truck,truck,False,18.134079,-13.900525
257,deepfool,deepfool,airplane,automobile,True,46.37614,30.345945
258,deepfool,deepfool,frog,cat,True,-21.092218,1.0483282
259,deepfool,deepfool,automobile,truck,True,41.0593,-11.984908
260,deepfool,deepfool,airplane,truck,True,30.696981,-9.533523
261,deepfool,deepfool,truck,automobile,True,42.532593,-30.453976
262,deepfool,deepfool,automobile,ship,True,7.615082,-28.910557
263,deepfool,deepfool,airplane,ship,True,22.219547,6.990875
264,deepfool,deepfool,horse,dog,True,-1.3430483,47.63622
265,deepfool,deepfool,truck,automobile,True,36.818115,-16.522205
266,deepfool,deepfool,automobile,frog,True,-14.051106,-36.16061
267,deepfool,deepfool,bird,airplane,True,-3.3069558,-6.688233
268,deepfool,deepfool,frog,cat,True,-45.624805,-9.271822
269,deepfool,deepfool,cat,dog,True,-61.375748,12.499477
270,deepfool,deepfool,deer,bird,True,2.8676496,19.321127
271,deepfool,deepfool,frog,frog,False,-34.098854,-4.441437
272,deepfool,deepfool,airplane,airplane,False,16.577337,0.44367
273,deepfool,deepfool,airplane,bird,True,13.543169,-6.1443753
274,deepfool,deepfool,frog,cat,True,-44.97699,-3.5921052
275,deepfool,deepfool,frog,dog,True,-43.1649,-12.818267
276,deepfool,deepfool,frog,deer,True,-48.446125,-14.561218
277,deepfool,deepfool,cat,dog,True,-17.916754,29.163828
278,deepfool,deepfool,bird,dog,True,-10.861658,-30.565113
279,deepfool,deepfool,frog,cat,True,-14.853433,10.109317
280,deepfool,deepfool,automobile,airplane,True,34.3857,1.8445215
281,deepfool,deepfool,bird,cat,True,-16.836126,13.805592
282,deepfool,deepfool,automobile,truck,True,53.268864,-34.33508
283,deepfool,deepfool,ship,ship,False,26.356026,13.578402
284,deepfool,deepfool,frog,frog,False,-49.006638,-21.9218
285,deepfool,deepfool,ship,airplane,True,20.702763,5.0093026
286,deepfool,deepfool,deer,horse,True,-26.48244,42.259098
287,deepfool,deepfool,airplane,deer,True,9.431628,-4.723798
288,deepfool,deepfool,horse,deer,True,-19.607716,45.49321
289,deepfool,deepfool,dog,frog,True,-50.6392,-2.8774486
290,deepfool,deepfool,dog,cat,True,-34.06755,20.185192
291,clean,clean,cat,cat,False,-25.465757,8.348194
292,clean,clean,dog,dog,False,-29.931814,11.378734
293,clean,clean,bird,bird,False,-36.81947,-10.696623
294,clean,clean,deer,deer,False,-49.482224,17.161337
295,clean,clean,automobile,automobile,False,-8.184117,-24.566504
296,clean,clean,horse,horse,False,-12.981365,36.081814
297,clean,clean,dog,dog,False,-42.532375,32.295647
298,clean,clean,deer,deer,False,-4.884985,13.36379
299,clean,clean,frog,frog,False,-18.339453,3.0319874
291,fgsm,fgsm,cat,bird,True,-16.193073,4.959428
292,fgsm,fgsm,dog,cat,True,-28.6617,8.572786
293,fgsm,fgsm,bird,frog,True,-38.044735,-12.024779
294,fgsm,fgsm,deer,dog,True,-47.87985,17.389118
295,fgsm,fgsm,automobile,bird,True,-9.722482,-24.106977
296,fgsm,fgsm,horse,deer,True,-5.825329,10.1073475
297,fgsm,fgsm,dog,cat,True,-21.055319,13.75168
298,fgsm,fgsm,deer,bird,True,-4.223447,11.803631
299,fgsm,fgsm,frog,deer,True,-18.411903,4.231471
291,pgd,pgd,cat,horse,True,-21.28375,39.415432
292,pgd,pgd,dog,cat,True,-29.432354,9.180898
293,pgd,pgd,bird,frog,True,-38.903698,-12.893264
294,pgd,pgd,deer,dog,True,-46.5684,17.111986
295,pgd,pgd,automobile,dog,True,-12.363469,-24.502756
296,pgd,pgd,horse,deer,True,-10.528507,34.25024
297,pgd,pgd,dog,cat,True,-21.936172,13.876917
298,pgd,pgd,deer,bird,True,-3.2317173,12.334391
299,pgd,pgd,frog,deer,True,-19.582367,4.3296623
291,deepfool,deepfool,cat,dog,True,-25.413992,8.41282
292,deepfool,deepfool,dog,cat,True,-29.86654,11.182424
293,deepfool,deepfool,bird,frog,True,-36.968285,-10.851135
294,deepfool,deepfool,deer,dog,True,-49.315685,17.1869
295,deepfool,deepfool,automobile,dog,True,-8.385976,-24.504658
296,deepfool,deepfool,horse,deer,True,-12.936167,36.09242
297,deepfool,deepfool,dog,cat,True,-42.526676,32.30915
298,deepfool,deepfool,deer,bird,True,-4.7540107,13.068832
299,deepfool,deepfool,frog,deer,True,-18.439907,3.3690627
